Submit Date,Last Name,Request Number,Score,Assignee,Cluster,Dept
29/04/2016,PICK HSI,REQ000000000155,8,GAN LAI YONG,CSV,CI
5/05/2016,WEI WEI SUSAN,REQ000000000176,8,LEE PENG LEONG,CSV,ESM
10/05/2016,LEE BENG JEFFREY,REQ000000000212,10,LIM ZHAO CHUAN ROGER,CSV,CI
16/05/2016,NAN-YANG GABRIEL,REQ000000000317,10,GAN LAI YONG,CSV,CI
30/05/2016,TECK YUAN SIMON,REQ000000000407,10,LEE PENG LEONG,ES,
31/05/2016,HUA SHENG,REQ000000000417,10,SEAH RONG HAO EDISON,SR,GRS
1/06/2016,JIA JIE HANNAH,REQ000000000433,9,Lim Fen Hui Claire,EG,
1/06/2016,JIA JIE HANNAH,REQ000000000435,10,LAU FENG WEI ADREAN,EG,
2/06/2016,HOE CHEE,REQ000000000471,8,TAN SOON KIAT ELSON,DMERI@DSO,CTRN
3/06/2016,LUP MUN,REQ000000000496,8,WOONG JI PHANG,SR,
6/06/2016,KUEN HAW,REQ000000000536,7,WOONG JI PHANG,INFO,
8/06/2016,LING LI,REQ000000000608,8,GAN LAI YONG,QL,QM
9/06/2016,LEE,REQ000000000665,10,Lim Fen Hui Claire,CSV,CI
10/06/2016,LING LI,REQ000000000724,8,CHOONG WAI MUN DESMOND,QL,QM
11/06/2016,LEE HWI,REQ000000000737,8,WOONG JI PHANG,DMERI@DSO,CTRN
14/06/2016,ENG HOW ERIC,REQ000000000796,6,GAN LAI YONG,GS,GS4
15/06/2016,BOON KENG AILEEN,REQ000000000838,9,LAI HOI LIONG,DMERI@DSO,CPP
17/06/2016,SOON FATT,REQ000000000910,10,SEAH RONG HAO EDISON,SR,UW
20/06/2016,BAN HUEI,REQ000000001011,10,LOO POH WAH EDWIN,INFO,
20/06/2016,JIN YU,REQ000000001027,10,GAN LAI YONG,EN,EL
20/06/2016,CHOON KIAT BENJAMIN,REQ000000001048,10,LOO POH WAH EDWIN,DMERI@DSO,CTRN
21/06/2016,LAI PHENG JENNIFER,REQ000000001073,9,LEE CHONG CHIN BRANDON,INFO,MU
22/06/2016,JING XIANG,REQ000000001102,9,GAN LAI YONG,CSV,ESM
22/06/2016,QIJIE JACKIE,REQ000000001105,10,LEE PENG LEONG,CSV,CI
22/06/2016,FATT QUEN STEVEN,REQ000000001114,1,LOW SOW WAH,ES,IN
23/06/2016,YEE YING DEBORAH,REQ000000001118,2,SEAH RONG HAO EDISON,EG,EG1
23/06/2016,PEI SHAN JACQUELINE,REQ000000001125,10,LOO POH WAH EDWIN,DMERI@DSO,BD
23/06/2016,HONG CHUEN,REQ000000001129,7,LIM ZHAO CHUAN ROGER,EG,EG1
27/06/2016,CHOON KIAT BENJAMIN,REQ000000001205,10,LOW SIOW KWAN,DMERI@DSO,CTRN
27/06/2016,TSU TSEN,REQ000000001215,10,TAN SOON KIAT ELSON,EN,EL
27/06/2016,YAK PENG,REQ000000001219,10,LEE CHONG CHIN BRANDON,EN,EL
28/06/2016,YU LING ESTHER,REQ000000001237,9,LOW SIOW KWAN,INFO,IE
28/06/2016,FOOK WAH,REQ000000001238,9,LAU FENG WEI ADREAN,EN,EM
29/06/2016,LEONG HIN BRIGHTON,REQ000000001277,10,GAN LAI YONG,CSV,CI
29/06/2016,SAU FOONG,REQ000000001282,7,LEE TECK WEI,GS,GS1
1/07/2016,RUI XUE LOUISA EVEREST,REQ000000001345,10,WOONG JI PHANG,HRC,HR
1/07/2016,TUCK SIN,REQ000000001353,10,LAU FENG WEI ADREAN,ES,IN
4/07/2016,MAY YEE DIANA,REQ000000001399,9,LAU FENG WEI ADREAN,EN,EL
4/07/2016,CHWEE SENG,REQ000000001419,9,SEAH RONG HAO EDISON,INFO,
5/07/2016,KWOK CHING,REQ000000001455,7,LEE PENG LEONG,DMERI@DSO,CTRN
5/07/2016,MING HOON AMY,REQ000000001464,8,LEE TECK WEI,ES,ES1
7/07/2016,KAH CHEE,REQ000000001484,10,LEE TECK WEI,INFO,
7/07/2016,PENG YIP,REQ000000001490,9,SEAH RONG HAO EDISON,DMERI@DSO,CTRN
7/07/2016,CHOON MENG,REQ000000001502,5,LIM ZHAO CHUAN ROGER,ES,IN
7/07/2016,WEI LIEH,REQ000000001503,9,LOW SIOW KWAN,QL,QM
7/07/2016,LI MEI,REQ000000001508,6,GAN LAI YONG,ES,CE
8/07/2016,XIAO YAN,REQ000000001522,9,TAN SOON KIAT ELSON,SR,UW
8/07/2016,AH LAM,REQ000000001541,9,LEE PENG LEONG,GS,GS1
11/07/2016,CHO JAN,REQ000000001573,10,LEE PENG LEONG,CSV,FIN
12/07/2016,SHUWEN,REQ000000001619,10,GAN LAI YONG,SR,GRS
12/07/2016,YANG CHIEN MELVIN,REQ000000001622,1,LEE PENG LEONG,INFO,IS
13/07/2016,YI HUI NICOLE,REQ000000001654,9,LOW SOW WAH,GS,GS3
13/07/2016,LEONG HIN BRIGHTON,REQ000000001689,9,LIM ZHAO CHUAN ROGER,CSV,CI
14/07/2016,CHIN KWAN,REQ000000001702,8,LAI HOI LIONG,GS,GS3
14/07/2016,LENG WOON,REQ000000001704,8,LOO POH WAH EDWIN,EG,EG2
14/07/2016,SOO HWAY,REQ000000001713,10,GAN LAI YONG,CSV,PLANS
15/07/2016,KIM YONG BRENDAN,REQ000000001749,2,"LAI HOI LIONG , LARRY",SR,AMS
18/07/2016,MIN,REQ000000001795,9,LEE CHONG CHIN BRANDON,INFO,IS
18/07/2016,YU BIN,REQ000000001811,8,LAU FENG WEI ADREAN,INFO,IS
18/07/2016,PEK HUI,REQ000000001813,8,GAN LAI YONG,DY CEO(R),KAO
18/07/2016,JOO KHEE,REQ000000001819,8,LOW SOW WAH,EG,EG2
18/07/2016,WEE SOON,REQ000000001822,8,LEE TECK WEI,ES,ES2
18/07/2016,WENG YEW RICHARD,REQ000000001824,8,SEAH RONG HAO EDISON,GS,GS2
18/07/2016,SOK BOEY CHERON,REQ000000001831,5,LIM ZHAO CHUAN ROGER,GS,GS2
19/07/2016,CHEN LING JENNY,REQ000000001847,9,"LAI HOI LIONG , LARRY",INFO,IA
19/07/2016,PECK SENG,REQ000000001848,10,WOONG JI PHANG,QL,
19/07/2016,NING,REQ000000001870,10,WOONG JI PHANG,SR,UW
19/07/2016,GEOK LING SERENA,REQ000000001872,10,LOO POH WAH EDWIN,SR,SEP
19/07/2016,XIN YAN,REQ000000001884,10,LEE TECK WEI,SR,SEP
20/07/2016,JINQING JASON,REQ000000001906,10,LOW SIOW KWAN,CSV,CI
20/07/2016,LEE FAH JANET,REQ000000001909,10,GAN LAI YONG,HRC,
21/07/2016,GEE WEE FIONA,REQ000000001942,10,WOONG JI PHANG,HRC,HR
21/07/2016,WANN-LYNN,REQ000000001945,8,LOO POH WAH EDWIN,INFO,IS
21/07/2016,HOE CHEE,REQ000000001947,8,LIM ZHAO CHUAN ROGER,DMERI@DSO,CTRN
21/07/2016,HUILING IRENE,REQ000000001962,7,SEAH RONG HAO EDISON,CSV,CI
21/07/2016,JIA PING SHIMONA,REQ000000001968,10,TAN SOON KIAT ELSON,CSV,PBM
22/07/2016,TECK KHIONG,REQ000000001976,10,LOW SIOW KWAN,GS,GS2
22/07/2016,SEE BOON,REQ000000001978,10,GAN LAI YONG,GS,GS4
22/07/2016,GEOK MUI GRACE,REQ000000002016,7,LEE PENG LEONG,ES,
22/07/2016,HONG WEE,REQ000000002021,6,LEE TECK WEI,EG,EG2
22/07/2016,YEW LIONG MAURICE,REQ000000002030,10,LOW SIOW KWAN,EN,EM
25/07/2016,HOE CHEE,REQ000000002105,10,LEE CHONG CHIN BRANDON,DMERI@DSO,CTRN
25/07/2016,PEI LING,REQ000000002106,10,SEAH RONG HAO EDISON,HRC,HR
25/07/2016,HOE CHEE,REQ000000002108,8,TAN SOON KIAT ELSON,INFO,IE
25/07/2016,MENG GUAN,REQ000000002110,4,WOONG JI PHANG,EN,EL
25/07/2016,HWEE MIN CHARLES,REQ000000002119,9,LOW SIOW KWAN,EN,
25/07/2016,BENG HONG SANDY,REQ000000002140,9,WOONG JI PHANG,CSV,ESM
27/07/2016,SIOK KHOON,REQ000000002240,10,SEAH RONG HAO EDISON,INFO,
27/07/2016,GEK KHENG SHIRLEY,REQ000000002244,10,"LAI HOI LIONG , LARRY",DMERI@DSO,BD
27/07/2016,CHUI LING GRACE,REQ000000002250,9,LIM ZHAO CHUAN ROGER,DMERI@DSO,BD
27/07/2016,WAI CHUEN,REQ000000002254,10,LAU FENG WEI ADREAN,GS,GS1
27/07/2016,CHEN WUI,REQ000000002257,10,GAN LAI YONG,ES,
27/07/2016,HUI JUN,REQ000000002271,7,LAU FENG WEI ADREAN,INFO,IA
27/07/2016,SI YING SHARON,REQ000000002274,8,LOW SOW WAH,EG,EG1
28/07/2016,CHIN SWEE,REQ000000002278,10,TAN SOON KIAT ELSON,SR,UW
28/07/2016,YUNG HAN,REQ000000002279,6,"LAI HOI LIONG , LARRY",EN,EL
28/07/2016,PUE PAIK CAROL,REQ000000002291,10,LOW SIOW KWAN,CSV,ESM
29/07/2016,SOON WAH,REQ000000002331,9,LEE CHONG CHIN BRANDON,INFO,IA
29/07/2016,KIM SENG,REQ000000002351,10,SEAH RONG HAO EDISON,EN,EM
29/07/2016,JIA XIAN CLARENCE,REQ000000002356,8,"LAI HOI LIONG , LARRY",INFO,IE
1/08/2016,BOON ENG,REQ000000002404,8,LEE TECK WEI,ES,
1/08/2016,PENG LOON ALEX,REQ000000002419,8,LIM ZHAO CHUAN ROGER,ES,IN
1/08/2016,ENG HIAN,REQ000000002422,8,LAU FENG WEI ADREAN,SR,SSP
1/08/2016,JIANRONG COLIN,REQ000000002434,8,TAN SOON KIAT ELSON,EN,EL
2/08/2016,PENG LOON ALEX,REQ000000002480,6,LOO POH WAH EDWIN,ES,IN
2/08/2016,PEI LING,REQ000000002485,10,LEE PENG LEONG,HRC,HR
2/08/2016,SU TING,REQ000000002492,8,LOW SOW WAH,EG,
2/08/2016,LIANG YING,REQ000000002508,10,LIM ZHAO CHUAN ROGER,GS,GS1
3/08/2016,FU LIEN,REQ000000002606,9,SEAH RONG HAO EDISON,EN,EM
3/08/2016,BOON ENG,REQ000000002657,9,GAN LAI YONG,ES,
4/08/2016,AI SIM ELIZABETH,REQ000000002667,10,LEE CHONG CHIN BRANDON,DMERI@DSO,BD
4/08/2016,CHEW HUNG,REQ000000002677,8,LOO POH WAH EDWIN,INFO,
4/08/2016,SOEK KIANG IVY,REQ000000002678,10,LIM ZHAO CHUAN ROGER,EG,
4/08/2016,WEI LIEH,REQ000000002688,9,LOW SIOW KWAN,QL,QM
4/08/2016,CHER WEE,REQ000000002695,10,LEE CHONG CHIN BRANDON,DMERI@DSO,CPP
5/08/2016,WEE SZE DARREN,REQ000000002707,8,TAN SOON KIAT ELSON,INFO,IE
5/08/2016,SOR HOON,REQ000000002708,3,"LAI HOI LIONG , LARRY",SR,
8/08/2016,WAN ZHEN,REQ000000002718,10,GAN LAI YONG,DMERI@DSO,CPP
8/08/2016,TONG SOON,REQ000000002728,9,TAN SOON KIAT ELSON,DY CEO(R),KAO
8/08/2016,HONG WEE,REQ000000002731,8,"LAI HOI LIONG, LARRY",EG,EG2
8/08/2016,JIAN YONG LIONEL,REQ000000002745,8,LEE TECK WEI,INFO,MU
8/08/2016,YU MING,REQ000000002749,10,LEE CHONG CHIN BRANDON,DMERI@DSO,CTRN
10/08/2016,YIDONG MARK,REQ000000002761,10,TAN YONG SHENG,INFO,MU
10/08/2016,GE HUI,REQ000000002765,4,LIM ZHAO CHUAN ROGER,SR,UW
10/08/2016,WEE YUNG,REQ000000002770,7,LAU FENG WEI ADREAN,INFO,IS
10/08/2016,CHENG LIN,REQ000000002783,1,LEE TECK WEI,GS,GS4
10/08/2016,FONG OI,REQ000000002797,6,LOO POH WAH EDWIN,EG,
11/08/2016,LUP MUN,REQ000000002815,9,TAN YONG SHENG,SR,
11/08/2016,LAI CHIAN ALAN,REQ000000002826,10,LEE PENG LEONG,ES,
11/08/2016,KEE MIN,REQ000000002830,10,LEE CHONG CHIN BRANDON,SR,SSP
12/08/2016,CHII YEH,REQ000000002849,8,LEE PENG LEONG,SR,SEP
12/08/2016,MENG TAT,REQ000000002852,8,LOW SOW WAH,GS,GS1
12/08/2016,HUIFEN CHERYL,REQ000000002854,5,LEE CHONG CHIN BRANDON,DMERI@DSO,CTRN
12/08/2016,POH KOK,REQ000000002861,9,"LAI HOI LIONG, LARRY",SR,AMS
12/08/2016,CHENGLI,REQ000000002863,9,WOONG JI PHANG,GS,GS4
12/08/2016,KAH WAI,REQ000000002878,2,LEE PENG LEONG,ES,IN
15/08/2016,ZHI-FENG,REQ000000002887,9,WOONG JI PHANG,ES,DLS
15/08/2016,CHAO LIANG,REQ000000002931,9,WOONG JI PHANG,GS,GS1
15/08/2016,YUN YIN IVY,REQ000000002939,8,LOW SIOW KWAN,HRC,
16/08/2016,YU LING ESTHER,REQ000000003109,10,GAN LAI YONG,INFO,IE
16/08/2016,TECK BOON,REQ000000003115,10,LEE TECK WEI,EG,EG2
16/08/2016,JIA JUN AARON,REQ000000003123,4,"LAI HOI LIONG, LARRY",GS,GS3
16/08/2016,HUILING IRENE,REQ000000003137,9,LEE CHONG CHIN BRANDON,CSV,CI
16/08/2016,CHENG LOCK ADRIAN,REQ000000003138,9,LIM ZHAO CHUAN ROGER,PMEO,
17/08/2016,MEI HUI MELLISA,REQ000000003155,7,LIM ZHAO CHUAN ROGER,DMERI@DSO,CPP
17/08/2016,ZHI-FENG,REQ000000003200,4,"LAI HOI LIONG, LARRY",ES,DLS
18/08/2016,SZE LIIP SHAWN,REQ000000003209,7,LEE CHONG CHIN BRANDON,ES,ES1
18/08/2016,YUN YIN IVY,REQ000000003216,8,GAN LAI YONG,HRC,
18/08/2016,JINQING JASON,REQ000000003227,10,LOO POH WAH EDWIN,CSV,CI
18/08/2016,JIALI,REQ000000003236,10,LAU FENG WEI ADREAN,DMERI@DSO,BD
18/08/2016,YIFEI,REQ000000003243,10,LEE PENG LEONG,DMERI@DSO,CTRN
19/08/2016,BOON ENG,REQ000000003249,7,LOW SOW WAH,ES,
19/08/2016,SENG TAT THOMAS,REQ000000003256,10,TAN YONG SHENG,CSV,PBM
19/08/2016,WEI KEONG,REQ000000003257,8,LOO POH WAH EDWIN,ES,IN
19/08/2016,CHEN LING JENNY,REQ000000003288,6,LIM ZHAO CHUAN ROGER,INFO,IA
19/08/2016,CHUN CHIEK,REQ000000003292,1,LAU FENG WEI ADREAN,GS,GS1
22/08/2016,TZE SHYANG BERTRAND,REQ000000003304,7,TAN SOON KIAT ELSON,GS,GS4
22/08/2016,HUI SIANG JASON,REQ000000003321,8,LOW SOW WAH,EG,EG2
23/08/2016,LEONG KHENG,REQ000000003336,10,TAN YONG SHENG,SR,AMS
23/08/2016,WEE CHIN,REQ000000003340,9,SEAH RONG HAO EDISON,SR,SEP
23/08/2016,SOEK KIANG IVY,REQ000000003346,10,LAU FENG WEI ADREAN,EG,
24/08/2016,HOE CHEE,REQ000000003381,3,TAN YONG SHENG,INFO,IE
24/08/2016,.,REQ000000003384,7,LEE CHONG CHIN BRANDON,CSV,ESM
24/08/2016,JINQING JASON,REQ000000003392,10,LEE PENG LEONG,CSV,CI
24/08/2016,CHEE YANN,REQ000000003404,3,TAN YONG SHENG,GS,GS3
24/08/2016,KIA HONG,REQ000000003408,10,SEAH RONG HAO EDISON,DMERI@DSO,CPP
24/08/2016,MAY LING JOYCE,REQ000000003419,10,LOW SOW WAH,DMERI@DSO,CTRN
24/08/2016,CHIN HENG,REQ000000003420,1,LEE TECK WEI,EN,EL
24/08/2016,KAI NING ALICIA,REQ000000003426,6,WOONG JI PHANG,INFO,
25/08/2016,GEE WEE FIONA,REQ000000003460,8,LOO POH WAH EDWIN,HRC,HR
26/08/2016,TONG SOON,REQ000000003485,8,LOO POH WAH EDWIN,DY CEO(R),KAO
26/08/2016,CHING LOONG IAN,REQ000000003487,8,LEE CHONG CHIN BRANDON,ES,CE
26/08/2016,SWEE SENG JOHN,REQ000000003496,6,GAN LAI YONG,CSV,PBM
26/08/2016,YEN LING EILEEN,REQ000000003509,8,LEE CHONG CHIN BRANDON,INFO,IS
27/08/2016,YEW MUN,REQ000000003512,9,SEAH RONG HAO EDISON,GS,GS1
29/08/2016,CAI LIN,REQ000000003536,7,TAN SOON KIAT ELSON,EN,RF
29/08/2016,BOON TECK BRYAN,REQ000000003550,10,LAU FENG WEI ADREAN,GS,GS3
29/08/2016,HOI YI ANNIE,REQ000000003554,10,LEE TECK WEI,DMERI@DSO,BD
29/08/2016,CHIANG LIANG,REQ000000003555,10,TAN SOON KIAT ELSON,EN,EL
30/08/2016,FUXIANG,REQ000000003563,10,LEE CHONG CHIN BRANDON,GS,GS3
30/08/2016,HSIAO YING,REQ000000003587,9,TAN YONG SHENG,DMERI@DSO,CTRN
30/08/2016,ZI WEI,REQ000000003590,9,LOO POH WAH EDWIN,EN,EM
30/08/2016,LEONG HIN BRIGHTON,REQ000000003602,10,LEE PENG LEONG,CSV,CI
31/08/2016,CHOON GUAN,REQ000000003611,10,TAN SOON KIAT ELSON,GS,GS2
31/08/2016,PIAO CHUN,REQ000000003614,10,"LAI HOI LIONG, LARRY",ES,DLS
31/08/2016,CHEW HUNG,REQ000000003617,10,WOONG JI PHANG,INFO,
31/08/2016,CHEN LING JENNY,REQ000000003620,8,LEE CHONG CHIN BRANDON,INFO,IA
31/08/2016,CHOW FAH,REQ000000003622,10,LIM ZHAO CHUAN ROGER,GS,GS3
31/08/2016,KHIN HUA,REQ000000003624,9,LOW SIOW KWAN,INFO,IE
31/08/2016,CHEE CHIEN,REQ000000003625,9,LAU FENG WEI ADREAN,INFO,
31/08/2016,CHONG CHIN BRANDON,REQ000000003632,10,LEE PENG LEONG,INFO,
31/08/2016,KOK WEI,REQ000000003633,10,LOW SOW WAH,GS,GS1
31/08/2016,CHI CHOONG,REQ000000003637,9,"LAI HOI LIONG, LARRY",GS,GS1
1/09/2016,CHOON GUAN,REQ000000003664,10,LOW SOW WAH,GS,GS2
1/09/2016,SHAO XIONG JOSHUA,REQ000000003676,8,LOO POH WAH EDWIN,EG,
1/09/2016,RUI FEN,REQ000000003685,7,LOW SIOW KWAN,EG,EG2
1/09/2016,SU LI JULIE,REQ000000003687,6,GAN LAI YONG,DMERI@DSO,CPP
1/09/2016,JIA HUI,REQ000000003694,7,"LAI HOI LIONG, LARRY",CSV,CI
1/09/2016,SOO LI CHRISTINA,REQ000000003695,8,WOONG JI PHANG,QL,QM
1/09/2016,SI JIA,REQ000000003712,8,GAN LAI YONG,INFO,
2/09/2016,CHENGLI,REQ000000003724,8,TAN YONG SHENG,GS,GS4
5/09/2016,PEK HUI,REQ000000003755,7,TAN SOON KIAT ELSON,DY CEO(R),KAO
5/09/2016,MEI HUI MELLISA,REQ000000003760,8,TAN YONG SHENG,DMERI@DSO,CPP
5/09/2016,HUI JOSHUA,REQ000000003762,10,LEE CHONG CHIN BRANDON,DMERI@DSO,BD
5/09/2016,JIANZHONG,REQ000000003768,10,LOW SIOW KWAN,DMERI@DSO,CPP
5/09/2016,QI HENG BENSON,REQ000000003775,8,LAU FENG WEI ADREAN,INFO,MU
6/09/2016,SIHAN JOYCE,REQ000000003811,9,LEE TECK WEI,HRC,
6/09/2016,TENG JI,REQ000000003817,10,"LAI HOI LIONG, LARRY",SR,GRS
8/09/2016,SEOK KHIM,REQ000000003881,6,LEE CHONG CHIN BRANDON,EG,
8/09/2016,YU FAN,REQ000000003883,10,Wang Silie,GS,GS4
8/09/2016,KIM YONG BRENDAN,REQ000000003899,8,TAN SOON KIAT ELSON,SR,AMS
9/09/2016,XUE QI ELEAN,REQ000000003922,10,LEE PENG LEONG,EN,EM
9/09/2016,WEE SOON,REQ000000003924,6,LEE TECK WEI,ES,ES2
9/09/2016,SOK KIANG,REQ000000003939,7,LOW SIOW KWAN,DMERI@DSO,BD
9/09/2016,JIALI,REQ000000003941,10,GAN LAI YONG,DMERI@DSO,BD
13/09/2016,HUI PENG,REQ000000003976,10,LEE PENG LEONG,GS,GS2
13/09/2016,HUILING IRENE,REQ000000003982,10,TAN SOON KIAT ELSON,CSV,CI
13/09/2016,WEIQIANG,REQ000000003984,9,WOONG JI PHANG,EN,RF
13/09/2016,SOK KUEN VALERIE,REQ000000003986,3,TAN YONG SHENG,INFO,IE
13/09/2016,POH WAH EDWIN,REQ000000003991,5,LEE CHONG CHIN BRANDON,HRC,HR
13/09/2016,SIHONG SHARON,REQ000000004009,8,LEE TECK WEI,INFO,IE
13/09/2016,MIN MIN,REQ000000004010,8,TAN SOON KIAT ELSON,SR,GRS
13/09/2016,POH WAH EDWIN,REQ000000004020,9,WOONG JI PHANG,CSV,CI
14/09/2016,PIAO HAN,REQ000000004043,10,LEE TECK WEI,INFO,
14/09/2016,CHUNG YONG DANIEL,REQ000000004055,8,LOW SIOW KWAN,INFO,IE
14/09/2016,WEE CHIN,REQ000000004085,9,LEE TECK WEI,SR,SEP
14/09/2016,SWEE LANG,REQ000000004088,7,TAN SOON KIAT ELSON,EN,
15/09/2016,FATT QUEN STEVEN,REQ000000004116,9,LOW SOW WAH,ES,IN
15/09/2016,HOE CHEE,REQ000000004133,10,GAN LAI YONG,DMERI@DSO,CTRN
16/09/2016,GEE WEE FIONA,REQ000000004160,8,Wang Silie,HRC,HR
16/09/2016,BOON KEE,REQ000000004164,8,GAN LAI YONG,DMERI@DSO,CPP
16/09/2016,BENG SIONG WILFRED,REQ000000004169,8,LEE TECK WEI,GS,GS1
16/09/2016,JUN HAO ALVIN,REQ000000004187,10,LEE PENG LEONG,SR,UW
16/09/2016,TIEM PHONG,REQ000000004188,8,LOW SOW WAH,EN,EL
19/09/2016,SHENG CHYE PHILIP,REQ000000004206,10,GAN LAI YONG,EG,EG1
19/09/2016,TOW YONG,REQ000000004208,10,LEE PENG LEONG,GS,GS3
19/09/2016,YICHUN,REQ000000004209,10,LOW SOW WAH,DMERI@DSO,BD
19/09/2016,SOEK KIANG IVY,REQ000000004213,10,"LAI HOI LIONG, LARRY",EG,
19/09/2016,JUN HUI,REQ000000004215,10,TAN YONG SHENG,INFO,
19/09/2016,PIAO CHUN,REQ000000004217,10,LOO POH WAH EDWIN,ES,DLS
19/09/2016,EE PENG SERENE,REQ000000004222,8,SEAH RONG HAO EDISON,INFO,
20/09/2016,CHONG HWEE CASPER,REQ000000004283,5,TAN YONG SHENG,SR,SEP
20/09/2016,GIM HOE,REQ000000004292,10,LIM ZHAO CHUAN ROGER,ES,CE
21/09/2016,HUI PHENG ANGELA,REQ000000004325,7,WOONG JI PHANG,CSV,FIN
21/09/2016,CHERN CHIANG,REQ000000004331,7,LIM ZHAO CHUAN ROGER,DMERI@DSO,BD
21/09/2016,RUI FEN,REQ000000004336,8,Wang Silie,EG,EG2
21/09/2016,MUI JONG,REQ000000004346,9,LOW SOW WAH,EG,
21/09/2016,TECK CHUAN JASON,REQ000000004351,9,WOONG JI PHANG,DMERI@DSO,CTRN
21/09/2016,JIE YING,REQ000000004354,8,TAN YONG SHENG,SR,AMS
22/09/2016,HWEE MIN CHARLES,REQ000000004364,9,Wang Silie,EN,
22/09/2016,MUI SENG,REQ000000004365,7,SEAH RONG HAO EDISON,EG,EG2
22/09/2016,POH CHOO,REQ000000004372,8,LEE TECK WEI,EG,EG1
22/09/2016,YEE MONG,REQ000000004375,9,"LAI HOI LIONG, LARRY",EN,RF
22/09/2016,GIM HOE,REQ000000004393,10,GAN LAI YONG,ES,CE
22/09/2016,KIAT MENG BENJAMIN,REQ000000004413,10,LEE CHONG CHIN BRANDON,SR,UW
23/09/2016,KIAN HUAT ANDY,REQ000000004420,8,SEAH RONG HAO EDISON,DY CEO(S),T&E
23/09/2016,LING YING LYNN,REQ000000004437,10,TAN SOON KIAT ELSON,ES,DLS
23/09/2016,POH WAH EDWIN,REQ000000004450,10,TAN YONG SHENG,EN,RF
26/09/2016,WEE LIANG,REQ000000004510,9,LIM ZHAO CHUAN ROGER,ES,IN
26/09/2016,WEIZHONG,REQ000000004511,9,Wang Silie,ES,DLS
26/09/2016,LI QIN JOHNY,REQ000000004512,9,SEAH RONG HAO EDISON,DMERI@DSO,CPP
26/09/2016,ZHIYUAN,REQ000000004519,8,LEE PENG LEONG,INFO,IE
26/09/2016,BAK HOOI,REQ000000004545,10,GAN LAI YONG,GS,GS2
26/09/2016,YOKE KHENG JOSEPHINE,REQ000000004549,9,LOW SOW WAH,DMERI@DSO,
26/09/2016,SHAO XIONG JOSHUA,REQ000000004553,10,TAN SOON KIAT ELSON,EG,
26/09/2016,KIAN HIN,REQ000000004554,7,"LAI HOI LIONG, LARRY",INFO,IS
26/09/2016,MEI YI JOANNA,REQ000000004576,9,GAN LAI YONG,EG,EG1
26/09/2016,XIN YUN SUZANNA,REQ000000004580,10,LEE TECK WEI,INFO,IE
27/09/2016,GEK KEE,REQ000000004604,10,LOO POH WAH EDWIN,DMERI@DSO,BD
27/09/2016,CHOON SIANG,REQ000000004626,9,WOONG JI PHANG,EG,EG2
27/09/2016,YIYANG,REQ000000004631,6,LEE CHONG CHIN BRANDON,DMERI@DSO,CPP
27/09/2016,YONG'EN JOASH,REQ000000004635,10,Wang Silie,EG,
27/09/2016,KOK LEONG,REQ000000004639,8,LOW SIOW KWAN,SR,GRS
28/09/2016,BOON KENG AILEEN,REQ000000004666,10,LOW SOW WAH,DMERI@DSO,CPP
28/09/2016,HWEE MIN CHARLES,REQ000000004669,10,TAN SOON KIAT ELSON,EN,
28/09/2016,CHEE ENG,REQ000000004678,10,SEAH RONG HAO EDISON,INFO,IA
29/09/2016,POH WAH EDWIN,REQ000000004715,10,LAU FENG WEI ADREAN,QL,QM
29/09/2016,POH CHOO,REQ000000004725,8,TAN SOON KIAT ELSON,EG,EG1
29/09/2016,ZHIYUAN,REQ000000004730,7,WOONG JI PHANG,INFO,IE
29/09/2016,YAN CHENG FRANCESCA,REQ000000004741,4,Wang Silie,HRC,HR
29/09/2016,BO,REQ000000004753,7,LEE PENG LEONG,GS,GS4
29/09/2016,SOEK KIANG IVY,REQ000000004754,10,LOW SOW WAH,EG,
29/09/2016,KOK BENG RAYMOND,REQ000000004755,7,LEE TECK WEI,DMERI@DSO,CPP
29/09/2016,YIP WAI ALEX,REQ000000004760,10,TAN YONG SHENG,ES,
30/09/2016,JIE XIONG SHAUN,REQ000000004802,10,SEAH RONG HAO EDISON,CSV,PLANS
30/09/2016,JIE XIONG SHAUN,REQ000000004802,10,SEAH RONG HAO EDISON,CSV,PLANS
30/09/2016,BOON KENG AILEEN,REQ000000004805,9,LOW SIOW KWAN,DMERI@DSO,CPP
30/09/2016,KOK HUA,REQ000000004827,9,TAN SOON KIAT ELSON,DY CEO(S),DY CEO(S)
30/09/2016,KIAN MING ADAM,REQ000000004854,3,TAN SOON KIAT ELSON,INFO,IE
1/10/2016,WEI-PIN ERNEST,REQ000000004860,9,LOO POH WAH EDWIN,EG,
3/10/2016,CHU PERNG,REQ000000004866,7,Wang Silie,EG,
3/10/2016,WEE LIANG,REQ000000004922,7,SEAH RONG HAO EDISON,ES,IN
4/10/2016,JIN YU,REQ000000004948,10,LOW SOW WAH,EN,EL
4/10/2016,D/O GOPALAKRISHNAN,REQ000000004955,8,"LAI HOI LIONG, LARRY",DY CEO(R),KAO
4/10/2016,TECK YUAN SIMON,REQ000000004956,10,WOONG JI PHANG,ES,
4/10/2016,LAI PHENG JENNIFER,REQ000000004959,8,LOO POH WAH EDWIN,INFO,MU
4/10/2016,JING ZHI JOSHUA,REQ000000004976,9,TAN SOON KIAT ELSON,INFO,MU
4/10/2016,KUAN KUAN,REQ000000004988,1,LEE CHONG CHIN BRANDON,EN,EL
5/10/2016,KOK YONG,REQ000000005023,10,LEE CHONG CHIN BRANDON,DMERI@DSO,CPP
5/10/2016,POH KOK,REQ000000005027,9,SEAH RONG HAO EDISON,SR,AMS
5/10/2016,JIN YU,REQ000000005037,10,LEE PENG LEONG,EN,EL
5/10/2016,ZHAOYUAN JONATHAN,REQ000000005038,8,LOW SOW WAH,GS,GS4
5/10/2016,AI LIN,REQ000000005041,8,"LAI HOI LIONG, LARRY",HRC,HR
5/10/2016,GEOK MUI GRACE,REQ000000005042,7,WOONG JI PHANG,ES,
5/10/2016,LUP MUN,REQ000000005047,9,LIM ZHAO CHUAN ROGER,SR,
5/10/2016,KOK LEONG ALVIN,REQ000000005049,7,Wang Silie,DMERI@DSO,CPP
5/10/2016,MING LOONG EDWARD,REQ000000005060,8,LEE TECK WEI,EN,RF
5/10/2016,SOON THIAM JOSEPH,REQ000000005073,9,LOO POH WAH EDWIN,EG,
5/10/2016,YU LING ESTHER,REQ000000005089,9,LIM ZHAO CHUAN ROGER,INFO,IE
6/10/2016,HENG HUAN ALLAN,REQ000000005098,10,LOW SIOW KWAN,GS,GS2
6/10/2016,XIAOTING STEPH,REQ000000005103,7,LEE PENG LEONG,GS,
6/10/2016,JOO CHENG NICOLETTE,REQ000000005110,9,TAN SOON KIAT ELSON,DMERI@DSO,CPP
6/10/2016,CHUAN TEE,REQ000000005111,10,"LAI HOI LIONG, LARRY",EG,EG1
6/10/2016,KAI CHUNG,REQ000000005112,9,WOONG JI PHANG,ES,DLS
6/10/2016,YU MING,REQ000000005117,10,TAN YONG SHENG,DMERI@DSO,CTRN
6/10/2016,YOKE KHENG JOSEPHINE,REQ000000005148,9,LEE TECK WEI,DMERI@DSO,
7/10/2016,HWEE CHER JANICE,REQ000000005174,8,LEE PENG LEONG,INFO,MU
7/10/2016,KIAN WEE DANIEL,REQ000000005193,7,LOO POH WAH EDWIN,DMERI@DSO,CPP
7/10/2016,ENG KEE,REQ000000005212,9,LAU FENG WEI ADREAN,GS,GS3
10/10/2016,KIM KIAK,REQ000000005227,9,TAN SOON KIAT ELSON,CSV,ESM
10/10/2016,YI MEI AMY,REQ000000005232,10,TAN YONG SHENG,ES,CE
10/10/2016,WEIQIANG,REQ000000005240,9,LEE CHONG CHIN BRANDON,EN,RF
10/10/2016,EE PENG SERENE,REQ000000005247,9,Wang Silie,INFO,
10/10/2016,TENG HOWE,REQ000000005254,10,LOW SOW WAH,DMERI@DSO,CPP
10/10/2016,MAY LING JOYCE,REQ000000005269,10,TAN YONG SHENG,DMERI@DSO,CTRN
10/10/2016,TIANG KIAT,REQ000000005282,9,LEE CHONG CHIN BRANDON,EN,
11/10/2016,SOON LEE DATSON,REQ000000005289,7,SMART-IT SUPPORT STAFF,EN,RF
11/10/2016,KWOK HUEI VINCENT,REQ000000005299,9,GAN LAI YONG,EN,RF
11/10/2016,KIAN TECK,REQ000000005300,8,LEE PENG LEONG,INFO,
11/10/2016,YUN QI ADIELLA,REQ000000005318,9,TAN YONG SHENG,CSV,PBM
11/10/2016,PUAY HIAN,REQ000000005339,7,LEE TECK WEI,INFO,
11/10/2016,CHIA HUI CLARISSA,REQ000000005340,8,TAN SOON KIAT ELSON,ES,
12/10/2016,LAY HOON JACQUELINE,REQ000000005353,5,WOONG JI PHANG,DY CEO(R),KAO
12/10/2016,YEN KAI,REQ000000005368,10,GAN LAI YONG,EG,EG1
12/10/2016,TIANG KIAT,REQ000000005376,8,TAN SOON KIAT ELSON,EN,
12/10/2016,CHEE SIONG ZECHS,REQ000000005402,10,TAN SOON KIAT ELSON,EN,EM
13/10/2016,LIAN ENG SHIRLEY,REQ000000005412,9,LIM ZHAO CHUAN ROGER,CSV,ESM
13/10/2016,SHAN SHAN,REQ000000005420,8,LOW SIOW KWAN,HRC,HR
13/10/2016,CHUAN WEN,REQ000000005454,9,LEE CHONG CHIN BRANDON,INFO,IS
14/10/2016,WAI MUN ELVIN,REQ000000005507,10,LOO POH WAH EDWIN,ES,CE
14/10/2016,CHENG GEE JACK,REQ000000005546,10,SEAH RONG HAO EDISON,CSV,PBM
14/10/2016,POH KEONG,REQ000000005551,6,LAU FENG WEI ADREAN,EG,
14/10/2016,SOK KIANG,REQ000000005553,10,LEE PENG LEONG,DMERI@DSO,BD
17/10/2016,SONG CHYE,REQ000000005572,8,LEE CHONG CHIN BRANDON,DMERI@DSO,
17/10/2016,KAI WEI KEVIN,REQ000000005585,10,LAU FENG WEI ADREAN,EN,RF
17/10/2016,LIK SIN,REQ000000005604,10,TAN YONG SHENG ROY,ES,ES2
17/10/2016,SHAO LENG ELLA,REQ000000005621,7,SEAH RONG HAO EDISON,CSV,PBM
18/10/2016,SONG LIANG,REQ000000005642,9,WOONG JI PHANG JERRY,EG,
18/10/2016,YOKE KHENG JOSEPHINE,REQ000000005647,8,LIM ZHAO CHUAN ROGER,DMERI@DSO,
18/10/2016,JIA FENG,REQ000000005658,6,LOW SIOW KWAN,,
18/10/2016,GEE WEE FIONA,REQ000000005701,10,SMART-IT SUPPORT STAFF,HRC,HR
18/10/2016,KIA YIN MARTIN,REQ000000005716,9,GAN LAI YONG,GS,GS4
19/10/2016,MUI SENG,REQ000000005738,7,TAN YONG SHENG ROY,EG,EG2
19/10/2016,THIAM LEONG,REQ000000005739,6,LOO POH WAH EDWIN,GS,GS3
19/10/2016,AI SIM ELIZABETH,REQ000000005749,10,SMART-IT SUPPORT STAFF,DMERI@DSO,BD
19/10/2016,YONG SHENG ROY,REQ000000005751,8,WANG SILIE BRUCE,EG,EG1
20/10/2016,SOK KUEN VALERIE,REQ000000005785,10,SEAH RONG HAO EDISON,INFO,IE
20/10/2016,XUE LI SHERRY,REQ000000005801,10,LOO POH WAH EDWIN,EN,EL
20/10/2016,FUJISHIMA,REQ000000005802,9,LEE CHONG CHIN BRANDON,INFO,MU
20/10/2016,FUJISHIMA,REQ000000005803,9,LIM ZHAO CHUAN ROGER,INFO,MU
20/10/2016,JIA TAI,REQ000000005826,10,LOW SOW WAH,INFO,IS
20/10/2016,JIAN YONG LIONEL,REQ000000005834,9,TAN SOON KIAT ELSON,INFO,MU
20/10/2016,CHENG HENG,REQ000000005835,10,SMART-IT NIB SUPPORT STAFF,CSV,
21/10/2016,TECK HONG,REQ000000005838,9,WOONG JI PHANG JERRY,ES,ES1
21/10/2016,SIONG PENG,REQ000000005839,8,TAN YONG SHENG ROY,ES,ES2
21/10/2016,HONG KWEE,REQ000000005873,10,LEE PENG LEONG,GS,GS4
24/10/2016,CHIAU LENG,REQ000000005905,9,LOO POH WAH EDWIN,EN,RF
24/10/2016,KOON LIM DERRICK,REQ000000005911,9,WANG SILIE BRUCE,ES,ES2
24/10/2016,LI MEI,REQ000000005913,7,LOW SIOW KWAN,ES,CE
24/10/2016,HWEE CHER JANICE,REQ000000005930,9,LOO POH WAH EDWIN,INFO,MU
24/10/2016,THENG HUAT,REQ000000005955,10,GAN LAI YONG,EN,EM
25/10/2016,CHEE SIONG ZECHS,REQ000000005971,10,"LAI HOI LIONG, LARRY",EN,EM
25/10/2016,JIANRONG COLIN,REQ000000005989,8,WANG SILIE BRUCE,EN,EL
25/10/2016,WEIQIANG,REQ000000005999,9,LEE PENG LEONG,EN,RF
25/10/2016,YUTING,REQ000000006008,10,"LAI HOI LIONG, LARRY",SR,AMS
25/10/2016,SZE LIIP SHAWN,REQ000000006026,8,WOONG JI PHANG JERRY,ES,ES1
26/10/2016,CHENGLI,REQ000000006037,9,LOW SIOW KWAN,GS,GS4
26/10/2016,SZE LIIP SHAWN,REQ000000006046,8,LEE TECK WEI RYAN,ES,ES1
26/10/2016,WOON KIONG,REQ000000006048,10,SMART-IT NIB SUPPORT STAFF,INFO,IE
26/10/2016,POH KOK,REQ000000006052,9,"LAI HOI LIONG, LARRY",SR,AMS
26/10/2016,HOE CHEE,REQ000000006069,8,LIM ZHAO CHUAN ROGER,DMERI@DSO,CTRN
27/10/2016,YONG ANN DONNY,REQ000000006081,7,SEAH RONG HAO EDISON,GS,GS2
27/10/2016,PEK HUI,REQ000000006111,7,"LAI HOI LIONG, LARRY",DY CEO(R),KAO
28/10/2016,CHEE MENG,REQ000000006121,8,SMART-IT SUPPORT STAFF,SR,
28/10/2016,SWEE MENG,REQ000000006138,8,LEE PENG LEONG,SR,SEP
28/10/2016,FOOK WAH,REQ000000006139,10,LOW SOW WAH,EN,RF
28/10/2016,KOK WAH,REQ000000006150,8,SMART-IT NIB SUPPORT STAFF,ES,ES2
31/10/2016,BEE NGOR,REQ000000006170,2,LEE TECK WEI RYAN,CSV,FIN
31/10/2016,YONGMING STEVEN,REQ000000006183,10,LEE CHONG CHIN BRANDON,EG,EG2
31/10/2016,YI MEI AMY,REQ000000006192,10,LAU FENG WEI ADREAN,ES,CE
1/11/2016,WAN ZHEN,REQ000000006218,10,LEE CHONG CHIN BRANDON,DMERI@DSO,CPP
1/11/2016,LI HOON LYN,REQ000000006227,9,LOW SIOW KWAN,HRC,HR
1/11/2016,JUN HUI,REQ000000006237,10,LEE TECK WEI RYAN,INFO,
1/11/2016,BOON QIAN,REQ000000006253,4,WANG SILIE BRUCE,SR,AMS
1/11/2016,KAI QI,REQ000000006255,10,LOW SIOW KWAN,GS,GS4
1/11/2016,UMAIYAL,REQ000000006266,9,"LAI HOI LIONG, LARRY",SR,GRS
1/11/2016,PIAO HAN,REQ000000006283,9,LIM ZHAO CHUAN ROGER,INFO,
2/11/2016,YUTING,REQ000000006290,10,WANG SILIE BRUCE,SR,AMS
2/11/2016,LI MEI,REQ000000006299,8,GAN LAI YONG,ES,CE
2/11/2016,SHEAN LONG GARION,REQ000000006310,8,TAN SOON KIAT ELSON,ES,ES2
2/11/2016,CHENG LIN,REQ000000006312,10,"LAI HOI LIONG, LARRY",GS,GS4
2/11/2016,TIEN SER DAWSON,REQ000000006314,10,WOONG JI PHANG,ES,IN
2/11/2016,TENG JI,REQ000000006336,5,WANG SILIE BRUCE,SR,GRS
3/11/2016,HOCK WUAN,REQ000000006342,10,LAU FENG WEI ADREAN,EG,EG2
3/11/2016,YONG SHENG,REQ000000006352,9,LEE PENG LEONG,ES,ES1
3/11/2016,NGEE SIANG,REQ000000006359,8,SMART-IT NIB SUPPORT STAFF,EG,EG2
4/11/2016,GIM HOE,REQ000000006392,10,TAN SOON KIAT ELSON,ES,CE
4/11/2016,GUANWEI RAUN JOSHUA,REQ000000006394,8,"LAI HOI LIONG, LARRY",SR,SSP
4/11/2016,CHEN LING JENNY,REQ000000006418,8,LOW SIOW KWAN,INFO,IA
7/11/2016,KAI WEI KEVIN,REQ000000006423,8,LEE TECK WEI RYAN,EN,RF
7/11/2016,CHUAN HUAT VINCE,REQ000000006434,10,LOO POH WAH EDWIN,DMERI@DSO,CPP
8/11/2016,KOK LEONG ALVIN,REQ000000006490,10,LOW SOW WAH,DMERI@DSO,CPP
4/01/2017,BOON KENG AILEEN,REQ000000008435,9,TAN YONG SHENG ROY,DMERI@DSO,CPP
4/01/2017,LAI YONG,REQ000000008442,10,LIM ZHAO CHUAN ROGER,SR,SEP
4/01/2017,JIN YU,REQ000000008446,10,SMART-IT SUPPORT STAFF,EN,EL
4/01/2017,SOCK HOON,REQ000000008456,9,LOW SOW WAH,DMERI@DSO,BD
4/01/2017,RUI FEN,REQ000000008460,9,TAN SOON KIAT ELSON,EG,EG2
5/01/2017,CHENG HUAT,REQ000000008479,10,SEAH RONG HAO EDISON,EG,EG1
5/01/2017,TECK KEONG,REQ000000008494,10,LEE TECK WEI RYAN,EN,EM
5/01/2017,POH WAH EDWIN,REQ000000008507,10,WOONG JI PHANG,INFO,IS
5/01/2017,PIAO HAN,REQ000000008526,10,SMART-IT SUPPORT STAFF,INFO,
6/01/2017,MENG HAN,REQ000000008561,10,TAN SOON KIAT ELSON,INFO,
6/01/2017,MENG HAN,REQ000000008573,10,WANG SILIE BRUCE,INFO,
6/01/2017,HWEE KEE,REQ000000008576,10,LOW SIOW KWAN,CPS,CI
9/01/2017,WEISHENG,REQ000000008596,9,LEE TECK WEI RYAN,GS,GS4
9/01/2017,HWA HSIEN MICKI,REQ000000008608,8,SMART-IT NIB SUPPORT STAFF,HRC,HR
9/01/2017,LEE FAH JANET,REQ000000008613,7,WOONG JI PHANG,HRC,
9/01/2017,GEK DUAN DEAN,REQ000000008649,10,LOW SOW WAH,DMERI@DSO,CPP
10/01/2017,YONG SHENG ROY,REQ000000008684,9,LOW SIOW KWAN,CPS,ESM
10/01/2017,WENG CHEW ALAN,REQ000000008686,7,GAN LAI YONG,CPS,ESM
10/01/2017,SOY CHIN CHRIS,REQ000000008689,6,LOW SOW WAH,CPS,ESM
10/01/2017,YUMAN,REQ000000008699,10,LEE TECK WEI RYAN,EG,
11/01/2017,KENG SOON,REQ000000008732,10,GAN LAI YONG,GS,GS4
11/01/2017,SOEK KIANG IVY,REQ000000008743,10,SMART-IT NIB SUPPORT STAFF,EG,
11/01/2017,LI MENG SUSIE,REQ000000008769,9,SEAH RONG HAO EDISON,DMERI@DSO,BD
12/01/2017,YONG SHENG ROY,REQ000000008785,9,GAN LAI YONG,GS,GS3
12/01/2017,PEK HUI,REQ000000008806,8,"LAI HOI LIONG, LARRY",DY CEO(R),KAO
12/01/2017,PING DANNY,REQ000000008821,8,LOW SIOW KWAN,QL,
13/01/2017,LENG CHUAN,REQ000000008839,10,LOO POH WAH EDWIN,ES,
13/01/2017,YEN TENG,REQ000000008842,10,LEE CHONG CHIN BRANDON,SR,
13/01/2017,FANG WEI DARREN,REQ000000008875,9,"LAI HOI LIONG, LARRY",EN,
16/01/2017,SIAK LIANG SHAUN,REQ000000008902,10,LEE CHONG CHIN BRANDON,EN,EL
16/01/2017,SWEE HONG,REQ000000008934,8,LOO POH WAH EDWIN,CPS,ESM
16/01/2017,SOK HOON ANN,REQ000000008936,9,LEE CHONG CHIN BRANDON,EG,EG1
16/01/2017,HUIFEN CHERYL,REQ000000008943,10,WANG SILIE BRUCE,DMERI@DSO,CTRN
16/01/2017,FONG OI,REQ000000008954,8,LOW SOW WAH,EG,
17/01/2017,HWEE MIN CHARLES,REQ000000008984,9,SMART-IT SUPPORT STAFF,EN,
17/01/2017,KA KHUEN STEVEN,REQ000000008995,8,GAN LAI YONG,DMERI@DSO,BD
17/01/2017,YONG SHENG ROY,REQ000000009016,8,WOONG JI PHANG,HRC,HR
17/01/2017,KAI JIE IVAN,REQ000000009020,9,LOO POH WAH EDWIN,CPS,FIN
18/01/2017,WEI YANG AARON,REQ000000009033,8,SEAH RONG HAO EDISON,SR,SEP
18/01/2017,CHU WEE,REQ000000009035,9,LAU FENG WEI ADREAN,INFO,IS
18/01/2017,SENG TAT THOMAS,REQ000000009044,10,"LAI HOI LIONG, LARRY",CPS,PBM
18/01/2017,SAU FOONG,REQ000000009049,8,WOONG JI PHANG,GS,GS1
18/01/2017,YOKE KHENG JOSEPHINE,REQ000000009056,9,WANG SILIE BRUCE,DMERI@DSO,
18/01/2017,LEONG KHENG,REQ000000009065,10,LEE PENG LEONG,SR,AMS
19/01/2017,HWEE CHER JANICE,REQ000000009078,9,LIM ZHAO CHUAN ROGER,INFO,MU
19/01/2017,YONG SHENG ROY,REQ000000009095,10,GAN LAI YONG,SR,SEP
19/01/2017,FONG OI,REQ000000009100,8,LOW SOW WAH,EG,
20/01/2017,CHEE HOONG,REQ000000009134,9,SEAH RONG HAO EDISON,GS,GS2
20/01/2017,TENG JI,REQ000000009135,10,LOW SIOW KWAN,SR,GRS
20/01/2017,YONG SHENG ROY,REQ000000009153,10,SMART-IT NIB SUPPORT STAFF,EN,RF
23/01/2017,LI LI,REQ000000009176,9,LEE TECK WEI RYAN,DMERI@DSO,CPP
23/01/2017,JIA TAI,REQ000000009181,10,"LAI HOI LIONG, LARRY",INFO,IS
23/01/2017,CHOY FUNN PRISCILLA,REQ000000009193,7,LEE CHONG CHIN BRANDON,HRC,HR
24/01/2017,CHIN KHIEN WINSTON,REQ000000009224,7,SMART-IT NIB SUPPORT STAFF,ES,ES2
24/01/2017,SOCK HOON,REQ000000009252,8,SMART-IT NIB SUPPORT STAFF,DMERI@DSO,BD
25/01/2017,LEE FAH JANET,REQ000000009264,8,WANG SILIE BRUCE,HRC,
25/01/2017,HONG YI,REQ000000009278,8,LEE TECK WEI RYAN,EN,RF
25/01/2017,PEI CHIEW ANGELINE,REQ000000009280,8,TAN SOON KIAT ELSON,DMERI@DSO,BD
25/01/2017,CHIA HUI CLARISSA,REQ000000009293,9,WANG SILIE BRUCE,ES,
26/01/2017,BOON LIANG KEITH,REQ000000009315,10,TAN YONG SHENG ROY,ES,ES1
26/01/2017,ZHI PING,REQ000000009325,9,WANG SILIE BRUCE,SR,SEP
26/01/2017,TAI PENG ALVIN,REQ000000009337,8,LOW SIOW KWAN,SR,
26/01/2017,WEIMING JAMES,REQ000000009338,9,LAU FENG WEI ADREAN,CPS,PLANS
26/01/2017,KAI WEI JASON,REQ000000009339,9,GAN LAI YONG,DMERI@DSO,CPP
27/01/2017,SI YING SHARON,REQ000000009343,9,LOW SOW WAH,EG,EG1
27/01/2017,YONG SHENG ROY,REQ000000009360,10,TAN YONG SHENG ROY,SR,SSP
31/01/2017,YUK FAI GARY,REQ000000009376,8,LOW SOW WAH,DMERI@DSO,BD
31/01/2017,KOK KAY,REQ000000009378,8,TAN SOON KIAT ELSON,INFO,IS
31/01/2017,BENG SING,REQ000000009414,8,LEE TECK WEI RYAN,EG,
1/02/2017,YI JUN JASON,REQ000000009424,10,LOO POH WAH EDWIN,EN,EL
1/02/2017,CHUN SANG,REQ000000009435,9,LEE PENG LEONG,GS,GS3
1/02/2017,SOEK KIANG IVY,REQ000000009448,10,WOONG JI PHANG,EG,
1/02/2017,KIAN MOH TERENCE,REQ000000009464,10,SMART-IT SUPPORT STAFF,INFO,IE
2/02/2017,TENG JI,REQ000000009511,10,LEE TECK WEI RYAN,SR,GRS
2/02/2017,SHAN JUN,REQ000000009522,10,WANG SILIE BRUCE,GS,GS3
2/02/2017,LEONG HIN BRIGHTON,REQ000000009527,9,LOW SIOW KWAN,CPS,CI
2/02/2017,BENG KEAT,REQ000000009547,10,LIM ZHAO CHUAN ROGER,GS,GS1
3/02/2017,ZHI PING,REQ000000009555,10,LAU FENG WEI ADREAN,SR,SEP
3/02/2017,CHEN LING JENNY,REQ000000009559,9,LOW SOW WAH,INFO,IA
3/02/2017,SUPPORT STAFF,REQ000000009582,10,WANG SILIE BRUCE,EG,EG1
3/02/2017,KAR WING ISAAC,REQ000000009590,9,LEE PENG LEONG,EN,EM
6/02/2017,KAR WING ISAAC,REQ000000009604,9,LOO POH WAH EDWIN,EN,EM
6/02/2017,SI YING SHARON,REQ000000009617,10,SMART-IT SUPPORT STAFF,EG,EG1
6/02/2017,KIAN MING ADAM,REQ000000009661,10,GAN LAI YONG,INFO,IE
7/02/2017,SWEE HONG,REQ000000009669,9,SMART-IT NIB SUPPORT STAFF,CPS,ESM
7/02/2017,YONGZHEN ARTHUR,REQ000000009677,10,LOO POH WAH EDWIN,INFO,IE
7/02/2017,MENG HAN,REQ000000009722,10,"LAI HOI LIONG, LARRY",INFO,
8/02/2017,SOCK HOON,REQ000000009734,9,WANG SILIE BRUCE,DMERI@DSO,BD
8/02/2017,WAI GEA,REQ000000009741,8,LOW SIOW KWAN,INFO,
8/02/2017,LAY YING,REQ000000009742,8,LAU FENG WEI ADREAN,INFO,IS
8/02/2017,CHUAN TEE,REQ000000009749,10,LOW SOW WAH,EG,EG1
9/02/2017,MER LIN DORIS,REQ000000009759,9,SMART-IT NIB SUPPORT STAFF,DMERI@DSO,CTRN
9/02/2017,KIAN MING ADAM,REQ000000009782,10,LOW SOW WAH,INFO,IE
9/02/2017,SOCK HOON,REQ000000009801,9,SEAH RONG HAO EDISON,DMERI@DSO,BD
10/02/2017,YEOW KWANG ROLAND,REQ000000009811,9,LEE PENG LEONG,EN,EM
10/02/2017,QI HENG BENSON,REQ000000009834,10,LEE CHONG CHIN BRANDON,INFO,MU
10/02/2017,KIAN WEE DANIEL,REQ000000009836,8,LIM ZHAO CHUAN ROGER,DMERI@DSO,CPP
10/02/2017,LUI SIANG ALEX,REQ000000009840,8,WANG SILIE BRUCE,ES,
13/02/2017,KUO CHOW,REQ000000009877,10,LIM ZHAO CHUAN ROGER,ES,IN
13/02/2017,HONG KWEE,REQ000000009903,9,LIM ZHAO CHUAN ROGER,GS,GS4
13/02/2017,ZHIYUAN,REQ000000009912,10,LAU FENG WEI ADREAN,INFO,IE
13/02/2017,HUI JUN,REQ000000009918,7,LEE PENG LEONG,INFO,IA
15/02/2017,CHUN SANG,REQ000000009995,9,LEE PENG LEONG,GS,GS3
16/02/2017,SOEK KIANG IVY,REQ000000010038,10,SMART-IT NIB SUPPORT STAFF,EG,
16/02/2017,PEI LING,REQ000000010049,10,SEAH RONG HAO EDISON,HRC,HR
16/02/2017,LAI CHUE SHERILYN,REQ000000010050,10,LOW SIOW KWAN,CPS,PBM
17/02/2017,SAU FOONG,REQ000000010067,9,LIM ZHAO CHUAN ROGER,GS,GS1
17/02/2017,KAH CHEE,REQ000000010076,7,SEAH RONG HAO EDISON,INFO,
17/02/2017,SHOU KING,REQ000000010100,10,WANG SILIE BRUCE,INFO,IE
17/02/2017,CHIAU LING,REQ000000010101,8,SEAH RONG HAO EDISON,EG,EG1
17/02/2017,CHUN WEI,REQ000000010105,10,GAN LAI YONG,INFO,IE
17/02/2017,KWANG HOCK EDMUND,REQ000000010108,8,LOW SOW WAH,ES,CE
20/02/2017,POH LENG ALICIA,REQ000000010115,10,SMART-IT NIB SUPPORT STAFF,CPS,PBM
20/02/2017,MEI LIN,REQ000000010118,8,WOONG JI PHANG,DY CEO(R),KAO
20/02/2017,KOK YEW TIMOTHY,REQ000000010170,7,LEE PENG LEONG,HRC,HR
20/02/2017,LAI YONG,REQ000000010173,7,LEE TECK WEI RYAN,CPS,PBM
21/02/2017,CHEOW HUA RAYMOND,REQ000000010183,10,TAN YONG SHENG ROY,CPS,PBM
21/02/2017,KOK HONG CYRUS,REQ000000010188,9,LIM ZHAO CHUAN ROGER,CPS,PBM
21/02/2017,JIA TAI,REQ000000010199,10,LOW SIOW KWAN,INFO,IS
21/02/2017,WAI WAH BERNARD,REQ000000010225,8,WOONG JI PHANG,CPS,CI
22/02/2017,LENG LENG CHARLOTTE,REQ000000010244,8,LEE PENG LEONG,CPS,PBM
22/02/2017,FONG LING,REQ000000010249,7,"LAI HOI LIONG, LARRY",CPS,PBM
22/02/2017,MENG TAT,REQ000000010255,9,LEE CHONG CHIN BRANDON,GS,GS1
22/02/2017,YIYANG,REQ000000010266,10,GAN LAI YONG,DMERI@DSO,CPP
22/02/2017,HUI FANG,REQ000000010270,10,LEE TECK WEI RYAN,SR,SEP
22/02/2017,SAU LANG CHRISTINA,REQ000000010276,7,"LAI HOI LIONG, LARRY",CPS,PBM
23/02/2017,CHEE WAI BERNARD,REQ000000010298,8,WANG SILIE BRUCE,GS,
23/02/2017,CHIN HENG KELVIN,REQ000000010323,10,WANG SILIE BRUCE,CPS,PBM
23/02/2017,YONG SHENG ROY,REQ000000010340,9,TAN SOON KIAT ELSON,CPS,FIN
23/02/2017,S/O KADIRESAN,REQ000000010350,10,TAN YONG SHENG ROY,GS,GS4
24/02/2017,GEOK MUI GRACE,REQ000000010360,8,SEAH RONG HAO EDISON,ES,
24/02/2017,FEI XIANG,REQ000000010376,8,SMART-IT NIB SUPPORT STAFF,EN,EL
27/02/2017,SHENG CHYE PHILIP,REQ000000010503,10,LEE TECK WEI RYAN,EG,EG1
27/02/2017,KAI JIE IVAN,REQ000000010508,10,"LAI HOI LIONG, LARRY",CPS,FIN
27/02/2017,KIAN TECK,REQ000000010539,6,LEE TECK WEI RYAN,INFO,
27/02/2017,YONG SHENG ROY,REQ000000010545,10,WOONG JI PHANG,INFO,IA
27/02/2017,KOK HONG CYRUS,REQ000000010558,8,GAN LAI YONG,CPS,PBM
28/02/2017,SHUQIN,REQ000000010565,10,TAN SOON KIAT ELSON,EN,
28/02/2017,FONG OI,REQ000000010577,8,SMART-IT SUPPORT STAFF,EG,
28/02/2017,YOKE KHENG JOSEPHINE,REQ000000010587,9,LAU FENG WEI ADREAN,DMERI@DSO,
1/03/2017,LEE FAH JANET,REQ000000010624,9,LOW SOW WAH,HRC,
1/03/2017,EE LING CATHERINE,REQ000000010630,8,SMART-IT NIB SUPPORT STAFF,DMERI@DSO,BD
1/03/2017,YAOHUI,REQ000000010654,6,WANG SILIE BRUCE,INFO,MU
1/03/2017,KUAN KUAN,REQ000000010677,1,LEE TECK WEI RYAN,EN,EL
2/03/2017,KAI JIE IVAN,REQ000000010680,5,"LAI HOI LIONG, LARRY",CPS,FIN
2/03/2017,HUI MIN BELINDA,REQ000000010683,10,WOONG JI PHANG,INFO,IE
3/03/2017,SWEE HUEI,REQ000000010751,8,TAN SOON KIAT ELSON,ES,ES1
3/03/2017,YOKE LING,REQ000000010752,7,SMART-IT NIB SUPPORT STAFF,CPS,PN
3/03/2017,KOK LEONG ALVIN,REQ000000010756,10,WOONG JI PHANG,DMERI@DSO,CPP
6/03/2017,GIA HONG GEOFFREY,REQ000000010772,7,WANG SILIE BRUCE,ES,ES2
6/03/2017,TECK KEONG,REQ000000010780,10,LOW SOW WAH,EN,EM
6/03/2017,KAI WEI JASON,REQ000000010795,8,"LAI HOI LIONG, LARRY",DMERI@DSO,CPP
6/03/2017,LEE BENG JEFFREY,REQ000000010815,10,LIM ZHAO CHUAN ROGER,CPS,CI
6/03/2017,YONG SHENG ROY,REQ000000010818,10,SEAH RONG HAO EDISON,CPS,PN
6/03/2017,GEE WEE FIONA,REQ000000010825,10,LOW SOW WAH,HRC,HR_OPS
6/03/2017,POH LENG ALICIA,REQ000000010832,10,TAN SOON KIAT ELSON,CPS,PMM
6/03/2017,EE PENG SERENE,REQ000000010838,10,TAN YONG SHENG ROY,INFO,
6/03/2017,YONG SHENG ROY,REQ000000010857,9,LEE PENG LEONG,EN,EM
7/03/2017,CHIN MING,REQ000000010862,8,TAN SOON KIAT ELSON,GS,GS2
7/03/2017,LI MEI,REQ000000010869,6,WOONG JI PHANG,ES,CE
7/03/2017,SHOU KING,REQ000000010882,8,LEE PENG LEONG,INFO,IE
7/03/2017,ZHIWEI JACQELYN,REQ000000010883,3,LOW SOW WAH,HRC,HR
7/03/2017,CHEN LING JENNY,REQ000000010884,9,LEE TECK WEI RYAN,INFO,IA
7/03/2017,HOE CHEE,REQ000000010892,10,SMART-IT NIB SUPPORT STAFF,DMERI@DSO,CTRN
7/03/2017,JUN YANG JUSTIN,REQ000000010899,9,LEE CHONG CHIN BRANDON,GS,GS1
7/03/2017,JUN YANG JUSTIN,REQ000000010912,9,LEE TECK WEI RYAN,GS,GS1
7/03/2017,YII WENN,REQ000000010918,9,TAN YONG SHENG ROY,DMERI@DSO,CTRN
8/03/2017,KAH MENG,REQ000000010928,10,WANG SILIE BRUCE,,
8/03/2017,MUN TING VERONICA,REQ000000010930,6,LOW SIOW KWAN,CPS,PMM
8/03/2017,CHEE WAI BERNARD,REQ000000010936,8,LOW SOW WAH,GS,
8/03/2017,EE PENG SERENE,REQ000000010939,10,SMART-IT NIB SUPPORT STAFF,INFO,
8/03/2017,JIA JUN,REQ000000010941,9,"LAI HOI LIONG, LARRY",EG,
8/03/2017,YIYANG,REQ000000010950,10,LIM ZHAO CHUAN ROGER,DMERI@DSO,CPP
8/03/2017,LAI YONG,REQ000000010962,10,LOW SIOW KWAN,ES,ES1
9/03/2017,JIALIANG JOSHUA,REQ000000010982,10,TAN YONG SHENG ROY,INFO,IE
9/03/2017,KWEE CHAI,REQ000000010997,10,WANG SILIE BRUCE,SR,UW
9/03/2017,CHEE WAI BERNARD,REQ000000011009,8,LOW SOW WAH,GS,
9/03/2017,WEI BIN,REQ000000011010,9,LEE TECK WEI RYAN,ES,IN
10/03/2017,BENG SOON,REQ000000011033,10,WOONG JI PHANG,ES,DLS
10/03/2017,FONG OI,REQ000000011035,8,TAN YONG SHENG ROY,EG,
13/03/2017,BOON LI PAMELA,REQ000000011063,9,LAU FENG WEI ADREAN,DMERI@DSO,CPP
13/03/2017,CHEONG YANG HENRY,REQ000000011064,10,GAN LAI YONG,EG,EG1
13/03/2017,CHZE ENG,REQ000000011111,9,GAN LAI YONG,GS,GS3
13/03/2017,MOU KUAN JASON,REQ000000011113,10,LEE PENG LEONG,ES,DLS
14/03/2017,JIE XIONG SHAUN,REQ000000011154,8,LAU FENG WEI ADREAN,CPS,STRPLANS
14/03/2017,HWEI KHOON BRIGITTE,REQ000000011167,9,SMART-IT NIB SUPPORT STAFF,EN,
14/03/2017,LEE NGEE,REQ000000011203,9,WANG SILIE BRUCE,SR,SEP
14/03/2017,KIAT MENG BENJAMIN,REQ000000011211,9,LEE PENG LEONG,SR,UW
14/03/2017,KEE SEAH,REQ000000011223,10,LIM ZHAO CHUAN ROGER,CPS,ESM
15/03/2017,CHEE SIONG ZECHS,REQ000000011226,10,SEAH RONG HAO EDISON,EN,EM
15/03/2017,LEONG HIN BRIGHTON,REQ000000011228,9,LAU FENG WEI ADREAN,CPS,CI
15/03/2017,LAI CHOO DOROTHY,REQ000000011230,9,GAN LAI YONG,DY CEO(R),KAO
15/03/2017,KOK SIONG,REQ000000011241,8,LEE TECK WEI RYAN,SR,SXP
15/03/2017,CHONG FOON RICHARD,REQ000000011247,10,SMART-IT NIB SUPPORT STAFF,CPS,CI
15/03/2017,EE LING CATHERINE,REQ000000011264,8,LOO POH WAH EDWIN,DMERI@DSO,BD
16/03/2017,SHIOW LIN SHARON,REQ000000011302,2,TAN YONG SHENG ROY,QL,QM
16/03/2017,YEE YING DEBORAH,REQ000000011337,2,LOW SOW WAH,EG,EG1
16/03/2017,XIN MIN,REQ000000011339,8,TAN SOON KIAT ELSON,GS,GS3
17/03/2017,LENG LENG CHARLOTTE,REQ000000011378,5,NATHAN JOSEPHINE NORA,CPS,PMM
17/03/2017,HUI,REQ000000011381,6,LEE CHONG CHIN BRANDON,CPS,ESM
17/03/2017,LAN YIN ELEANA,REQ000000011383,8,LIM ZHAO CHUAN ROGER,CPS,ESM
20/03/2017,KOK HONG CYRUS,REQ000000011411,8,TAN SOON KIAT ELSON,CPS,PMM
20/03/2017,HUI,REQ000000011413,7,SMART-IT NIB SUPPORT STAFF,CPS,ESM
20/03/2017,WOON KIONG,REQ000000011449,10,SMART-IT NIB SUPPORT STAFF,INFO,IE
21/03/2017,FOOK WAI,REQ000000011460,10,WOONG JI PHANG,INFO,IE
21/03/2017,WEE CHIN,REQ000000011469,9,LIM ZHAO CHUAN ROGER,SR,SEP
21/03/2017,CHYE HIAN PATRICK,REQ000000011474,9,SEAH RONG HAO EDISON,CPS,PMM
21/03/2017,EE PENG SERENE,REQ000000011483,10,LEE PENG LEONG,INFO,
21/03/2017,YEW KONG,REQ000000011491,10,LOW SOW WAH,ES,ES2
21/03/2017,YUAN HAO,REQ000000011508,10,LOO POH WAH EDWIN,SR,GRS
21/03/2017,SWEE MENG,REQ000000011522,8,SEAH RONG HAO EDISON,SR,SEP
21/03/2017,WEI MING,REQ000000011526,10,LAU FENG WEI ADREAN,INFO,IA
22/03/2017,RONGKUAN JAMES,REQ000000011542,10,TAN YONG SHENG ROY,SR,SEP
22/03/2017,WEE FUN RACHEL,REQ000000011551,10,LEE CHONG CHIN BRANDON,QL,
23/03/2017,LAI CHIAN ALAN,REQ000000011575,10,LOW SOW WAH,ES,
23/03/2017,LEONG KHENG,REQ000000011578,9,LEE TECK WEI RYAN,SR,AMS
23/03/2017,JEE CHOO,REQ000000011588,8,NATHAN JOSEPHINE NORA,INFO,IS
23/03/2017,YONG SHENG ROY,REQ000000011589,9,TAN YONG SHENG ROY,SR,SXP
24/03/2017,YUE NIE EUNICE,REQ000000011644,9,LOO POH WAH EDWIN,DMERI@DSO,CPP
24/03/2017,KOK HONG CYRUS,REQ000000011650,7,LEE CHONG CHIN BRANDON,CPS,PMM
24/03/2017,CHOON KIAT,REQ000000011659,9,LOW SIOW KWAN,SR,
26/03/2017,HOE CHEE,REQ000000011701,9,SEAH RONG HAO EDISON,DMERI@DSO,CTRN
27/03/2017,YONG HAO,REQ000000011725,10,TAN SOON KIAT ELSON,DMERI@DSO,CTRN
27/03/2017,SILIE BRUCE,REQ000000011739,9,LIM ZHAO CHUAN ROGER,QL,QM
27/03/2017,JUNRU,REQ000000011771,9,"LAI HOI LIONG, LARRY",ES,
27/03/2017,SOCK HOON,REQ000000011774,9,NATHAN JOSEPHINE NORA,DMERI@DSO,BD
28/03/2017,HUIXIAN ADELINE,REQ000000011808,10,LEE TECK WEI RYAN,DMERI@DSO,CPP
28/03/2017,LAY YING,REQ000000011833,8,LAU FENG WEI ADREAN,INFO,IS
29/03/2017,LAY KUAN CECILIA,REQ000000011851,9,LIM ZHAO CHUAN ROGER,SR,GRS
29/03/2017,HUI,REQ000000011852,10,WANG SILIE BRUCE,CPS,ESM
29/03/2017,YOKE LING,REQ000000011853,5,SEAH RONG HAO EDISON,CPS,PN
29/03/2017,FUJISHIMA,REQ000000011856,10,GAN LAI YONG,INFO,MU
29/03/2017,WOON KIONG,REQ000000011863,10,LEE TECK WEI RYAN,INFO,IE
29/03/2017,WEE CHIN,REQ000000011865,9,"LAI HOI LIONG, LARRY",SR,SEP
29/03/2017,SIANG YIAN ALAN,REQ000000011868,7,NATHAN JOSEPHINE NORA,CPS,ESM
29/03/2017,MING YANG,REQ000000011870,9,TAN YONG SHENG ROY,INFO,IA
29/03/2017,LEONG KHENG,REQ000000011880,9,LEE CHONG CHIN BRANDON,SR,AMS
30/03/2017,SWEE HUAT RODNEY,REQ000000011913,9,WANG SILIE BRUCE,INFO,MU
30/03/2017,YONG PENG JAMES,REQ000000011914,10,SEAH RONG HAO EDISON,SR,GRS
30/03/2017,D/O GOPALAKRISHNAN,REQ000000011919,7,LAU FENG WEI ADREAN,DY CEO(R),KAO
30/03/2017,WING CHER,REQ000000011936,9,TAN YONG SHENG ROY,SR,SSP
30/03/2017,KUAN KUAN,REQ000000011942,8,LEE CHONG CHIN BRANDON,EN,EL
30/03/2017,SOON BENG,REQ000000011955,3,GAN LAI YONG,ES,ES2
30/03/2017,HIONG JUN ANGELA,REQ000000011961,9,LEE PENG LEONG,,
31/03/2017,SOK KUEN VALERIE,REQ000000011990,10,WANG SILIE BRUCE,INFO,IE
31/03/2017,KUNYAO DEREK,REQ000000011995,10,GAN LAI YONG,ES,ES1
